{"method time": 44.420010164, "dataset": "CIFAR10", "forget_size": 500, "deletion_size": 250, "p_cut": 0.0, "_timestamp": 1719935201.700602, "_runtime": 43.9282500743866, "_step": 0, "_wandb": {"runtime": 43}}