{"method time": 43.329340647999985, "dataset": "CIFAR10", "forget_size": 500, "deletion_size": 250, "p_cut": 0.0, "_timestamp": 1719934234.4545112, "_runtime": 43.6916241645813, "_step": 0, "_wandb": {"runtime": 43}}