{"method time": 44.395287357, "dataset": "CIFAR10", "forget_size": 500, "deletion_size": 250, "p_cut": 0.0, "_timestamp": 1719936374.0304358, "_runtime": 44.08191990852356, "_step": 0, "_wandb": {"runtime": 43}}