{"method time": 44.626060897, "dataset": "CIFAR10", "forget_size": 500, "deletion_size": 250, "p_cut": 0.0, "_timestamp": 1719932581.8271675, "_runtime": 44.17029857635498, "_step": 0, "_wandb": {"runtime": 43}}