{"method time": 44.619321033, "dataset": "CIFAR10", "forget_size": 500, "deletion_size": 250, "p_cut": 0.0, "_timestamp": 1719934856.031319, "_runtime": 43.990180015563965, "_step": 0, "_wandb": {"runtime": 43}}