{"method time": 44.447364765, "dataset": "CIFAR10", "forget_size": 500, "deletion_size": 250, "p_cut": 0.0, "_timestamp": 1719934960.6538215, "_runtime": 43.98132348060608, "_step": 0, "_wandb": {"runtime": 43}}