{"method time": 44.133076151, "dataset": "CIFAR10", "forget_size": 500, "deletion_size": 250, "p_cut": 0.0, "_timestamp": 1719937002.7018483, "_runtime": 43.99267315864563, "_step": 0, "_wandb": {"runtime": 43}}