{"method time": 44.672396835, "dataset": "CIFAR10", "forget_size": 500, "deletion_size": 250, "p_cut": 0.0, "_timestamp": 1719933807.3214118, "_runtime": 44.12239384651184, "_step": 0, "_wandb": {"runtime": 43}}