{"method time": 44.256894742, "dataset": "CIFAR10", "forget_size": 500, "deletion_size": 250, "p_cut": 0.0, "_timestamp": 1719936489.7399619, "_runtime": 44.161457777023315, "_step": 0, "_wandb": {"runtime": 43}}