{"method time": 44.415086816, "dataset": "CIFAR10", "forget_size": 500, "deletion_size": 250, "p_cut": 0.0, "_timestamp": 1719936047.0202436, "_runtime": 44.30265665054321, "_step": 0, "_wandb": {"runtime": 43}}