{"method time": 44.342394221999996, "dataset": "CIFAR10", "forget_size": 500, "deletion_size": 250, "p_cut": 0.0, "_timestamp": 1719936568.3961568, "_runtime": 44.35009288787842, "_step": 0, "_wandb": {"runtime": 43}}